,Artist,Song Name,Total English Words,Total Korean Words
0,NewJeans,ASAP,601,14
1,NewJeans,Attention,244,76
2,NewJeans,Attention (Mixed),178,76
3,NewJeans,아름다운 구속 (Beautiful Restriction),8,133
4,NewJeans,Cookie,158,187
5,NewJeans,Cool With You,170,39
6,NewJeans,Ditto,236,69
7,NewJeans,ETA,233,89
8,NewJeans,Get Up,51,0
9,NewJeans,Hurt,159,94
10,NewJeans,Hype Boy,271,91
11,NewJeans,New Jeans,184,19
12,NewJeans,NewJeans Chicken Dance Campaign,21,0
13,NewJeans,OMG,378,140
14,NewJeans,Super Shy,359,30
15,NewJeans,Zero,270,79
16,BTS,00:00 (Zero O’Clock),128,188
17,BTS,134340,12,317
18,BTS,2018 United Nations General Assembly Speech,793,0
19,BTS,21세기 소녀 (21st Century Girl),207,92
20,BTS,2학년 (2nd Grade / Second Grade / So 4 More),216,294
21,BTS,둘! 셋! (그래도 좋은 날이 더 많기를) (2! 3!),36,352
22,BTS,24/7=Heaven,134,229
23,BTS,Adult Child (어른아이),880,280
24,BTS,Airplane pt.2,190,171
25,BTS,Airplane pt.2 (Japanese ver.),204,0
26,BTS,Am I Wrong,170,150
27,BTS,Anpanman,304,209
28,BTS,Answer: Love Myself,110,226
29,BTS,A Supplementary Story : You Never Walk Alone,73,158
30,BTS,진격의 방탄 (Attack on Bangtan/The Rise of Bangtan),82,326
31,BTS,흔한 아이돌의 크리스마스 (A Typical Idol’s Christmas),52,226
32,BTS,흔한 연습생의 크리스마스 (A Typical Trainee’s Christmas),122,248
33,BTS,고엽 (Autumn Leaves),47,283
34,BTS,AWAKE,147,111
35,BTS,Beautiful,67,173
36,BTS,BEGIN,125,58
37,BTS,Best Of Me,237,184
38,BTS,Best Of Me (Japanese Ver.),234,0
39,BTS,Black Swan,240,149
40,BTS,Black Swan (Japanese ver.),245,0
41,BTS,이불킥 (Blanket Kick/Embarrassed),79,326
42,BTS,피 땀 눈물 (Blood Sweat & Tears),55,220
43,BTS,Blue & Grey,70,202
44,BTS,Born Singer,135,330
45,BTS,상남자 (Boy In Luv),79,340
46,BTS,Boy In Luv (Chinese Ver.),87,0
47,BTS,상남자 (Boy In Luv) (Demo Ver.),171,337
48,BTS,Boy In Luv (Japanese Ver.),131,0
49,BTS,작은 것들을 위한 시 (Boy With Luv),278,181
50,BTS,Boy With Luv (Japanese ver.),261,0
51,BTS,흥탄소년단 (Boyz with Fun),80,337
52,BTS,흥탄소년단 (Boyz With Fun) (Demo Ver.),128,321
53,BTS,BTS Cypher 4,246,254
54,BTS,BTS Cypher Pt.1,120,203
55,BTS,"BTS Cypher, Pt. 3: KILLER",249,411
56,BTS,불타오르네 (Burning Up) (Fire),165,117
57,BTS,Butter,400,0
58,BTS,Butterfly,61,183
59,BTS,Butterfly (Alternative Mix),61,183
60,BTS,Butterfly (Japanese Ver.),66,0
61,BTS,Butterfly (Prologue Mix),58,124
62,BTS,Butter (Instrumental),0,0
63,BTS,Cake Waltz (Jimin Theme),0,0
64,BTS,Captain (Namjun Theme),0,0
65,BTS,Coffee,72,252
66,BTS,Come Back Home (컴백홈),205,158
67,BTS,Converse High,90,217
68,BTS,핸드폰 좀 꺼줄래 (Could You Turn Off Your Cell Phone?),48,323
69,BTS,Crystal Snow,175,0
70,BTS,"Cypher, Pt. 2: Triptych",246,540
71,BTS,Danger,34,327
72,BTS,Danger (Japanese Ver.),47,0
73,BTS,Danger (Mo-Blue-Mix),190,275
74,BTS,땡 (Ddaeng),100,339
75,BTS,보조개 (​Dimple),193,118
76,BTS,Dionysus,211,311
77,BTS,Dionysus (Japanese ver.),237,0
78,BTS,병 (Dis-ease),158,267
79,BTS,DNA,89,207
80,BTS,DNA (Japanese Ver.),94,0
81,BTS,DNA (j-hope Demo Ver.),81,47
82,BTS,DNA (Pedal 2 LA Mix),89,214
83,BTS,Don’t Leave Me,81,0
84,BTS,쩔어 (DOPE),148,218
85,BTS,DOPE -超ヤベー!- (Japanese Ver.),142,4
86,BTS,Dynamite,577,0
87,BTS,Dynamite (Instrumental),0,0
88,BTS,Dynamite (The Tonight Show Ver.),411,0
89,BTS,EPILOGUE : Young Forever,49,174
90,BTS,EPILOGUE : Young Forever (Japanese Ver.),53,0
91,BTS,Epiphany,73,116
92,BTS,Epiphany (Jin Demo Ver.),259,0
93,BTS,Euphoria,171,109
94,BTS,FAKE LOVE,224,211
95,BTS,Fake Love (2018 MGA Ver.),117,99
96,BTS,FAKE LOVE (Japanese ver.),209,0
97,BTS,FAKE LOVE (Rocking Vibe Mix),231,212
98,BTS,Film out,59,0
99,BTS,Filter,84,140
100,BTS,FIRE (Japanese Ver.),163,0
101,BTS,FIRST LOVE,24,290
102,BTS,Fix You (MTV Unplugged),188,0
103,BTS,Flying (Taehyung Theme),0,0
104,BTS,내 방을 여행하는 법 (Fly to My Room),213,148
105,BTS,FOR YOU,25,0
106,BTS,For Youth,167,178
107,BTS,친구 (Friends),70,181
108,BTS,Friends (Hoseok Theme),0,0
109,BTS,고민보다 Go (Go Go),197,181
110,BTS,Go Go (Japanese Ver.),194,0
111,BTS,Good Day,117,0
112,BTS,졸업 (Graduation Song),38,197
113,BTS,Heartbeat,168,165
114,BTS,Her,156,267
115,BTS,힙합성애자 (Hip Hop Phile / Hip Hop Lover),229,329
116,BTS,잡아줘 (Hold Me Tight),66,300
117,BTS,HOME,211,208
118,BTS,Hook 가요 (Free fall / Hook Gayo),1020,263
119,BTS,House of Cards (Full Length Edition),50,148
120,BTS,IDOL,297,112
121,BTS,IDOL (Japanese ver.),317,0
122,BTS,If I Ruled the World,345,185
123,BTS,いいね! (I Like It) (Japanese Ver.),241,0
124,BTS,I’m Fine,164,208
125,BTS,I NEED U,155,191
126,BTS,I NEED U (Demo),61,146
127,BTS,I NEED U (Japanese Ver.),152,0
128,BTS,I NEED U (Urban Mix),155,191
129,BTS,Inner Child,71,125
130,BTS,Interlude,0,0
131,BTS,Interlude: Shadow,259,284
132,BTS,Interlude: 뭐해 (What Are You Doing Now),4,3
133,BTS,Interlude: Wings,120,116
134,BTS,In The SOOP,63,15
135,BTS,INTRO.,6,0
136,BTS,Intro: 2 Cool 4 Skool,64,9
137,BTS,Intro: Boy Meets Evil,83,114
138,BTS,INTRO : Calling,22,0
139,BTS,Introduction: Youth,248,0
140,BTS,INTRO : Never Mind,40,190
141,BTS,"Intro: O!RUL8,2?",51,57
142,BTS,Intro: Persona,151,261
143,BTS,INTRO : Ringwanderung,39,0
144,BTS,Intro: Serendipity (세렌디피티),80,89
145,BTS,Intro: Singularity,13,114
146,BTS,Intro: Skool Luv Affair,100,271
147,BTS,Intro: 화양연화 (The Most Beautiful Moment In Life),13,174
148,BTS,Intro: What am I to You,104,241
149,BTS,IONIQ: I’m on it,167,65
150,BTS,Jamais Vu,97,164
151,BTS,JUMP,248,298
152,BTS,Jump (Demo Ver.),163,186
153,BTS,JUMP (Japanese Ver.),340,0
154,BTS,하루만 (Just One Day),89,347
155,BTS,Just One Day (Japanese Ver.),194,0
156,BTS,Just One Day (Japanese Ver. Extended),220,0
157,BTS,Let Go,262,0
158,BTS,Let Me Know,129,280
159,BTS,Let Me Know (Japanese Ver.),131,0
160,BTS,Let’s Introduce BANGTAN ROOM,216,0
161,BTS,LIE,63,152
162,BTS,Life Goes On,108,172
163,BTS,Lights,95,0
164,BTS,좋아요 (Like / I Like It),211,241
165,BTS,여기 봐 (Look Here),75,364
166,BTS,Lost,97,187
167,BTS,Louder than bombs,144,129
168,BTS,Love Is Not Over (Full Length Edition),60,242
169,BTS,Love Maze,164,225
170,BTS,Love Yourself: 承 Her Notes,5127,0
171,BTS,Love Yourself: 承 Her Thanks To,3397,0
172,BTS,Love Yourself: 結 Answer Notes,5948,0
173,BTS,Love Yourself: 轉 Tear Notes,4343,0
174,BTS,Ma City,203,277
175,BTS,Magic Shop,128,240
176,BTS,Make It Right,145,197
177,BTS,Make It Right (Japanese ver.),146,0
178,BTS,MAMA,83,193
179,BTS,MIC Drop,185,228
180,BTS,MIC Drop (Japanese Ver.),186,0
181,BTS,소우주 (Mikrokosmos),153,200
182,BTS,Miss Right,153,318
183,BTS,Miss Right (Japanese Ver.),151,0
184,BTS,Moon,58,208
185,BTS,이사 (Moving On),72,372
186,BTS,시차 (My Time),458,62
187,BTS,N.O,104,191
188,BTS,N.O (Japanese Ver.),146,0
189,BTS,No More Dream,107,319
190,BTS,No More Dream (Japanese Ver.),241,0
191,BTS,Not Alone (Jeongguk Theme),0,0
192,BTS,Not Today,260,179
193,BTS,Not Today (Japanese Ver.),243,0
194,BTS,ON,312,149
195,BTS,ON (Japanese ver.),330,0
196,BTS,OUTRO,115,0
197,BTS,Outro: Circle Room Cypher,219,543
198,BTS,OUTRO : Crack,35,0
199,BTS,Outro : 그게 말이 돼? (Do You Think It Makes Sense?),121,115
200,BTS,Outro: Ego,177,149
201,BTS,Outro: Her,143,266
202,BTS,OUTRO : House Of Cards,36,111
203,BTS,Outro : Love is Not Over,36,86
204,BTS,OUTRO: LUV IN SKOOL,79,58
205,BTS,Outro: Propose,51,77
206,BTS,Outro: Tear,205,329
207,BTS,OUTRO : The Journey,3,0
208,BTS,Outro: Wings,194,155
209,BTS,낙원 (Paradise / Nakwon),55,273
210,BTS,ペップセ (Peppuse) (Silver Spoon) (Japanese Ver.),136,0
211,BTS,Permission to Dance,488,0
212,BTS,Permission to Dance (Instrumental),0,0
213,BTS,Pied Piper,167,222
214,BTS,좋아요! Pt.2 (I Like It Pt.2),44,270
215,BTS,いいね!Pt.2 ～あの場所で～ (I Like It Pt.2 ~In That Place~ / Ano Bashode),28,0
216,BTS,따옴표 (Quotation Mark),44,219
217,BTS,Rain,14,388
218,BTS,REFLECTION,78,141
219,BTS,Respect,111,239
220,BTS,길 (Road/Path),94,263
221,BTS,RUN,107,254
222,BTS,RUN (Alternative Mix),107,254
223,BTS,RUN (Ballad Mix),106,254
224,BTS,달려라 방탄 (RUN BTS),357,141
225,BTS,Run It Down,38,0
226,BTS,RUN (Japanese Ver.),114,0
227,BTS,Run (Puma Blaze Time Ver.),42,70
228,BTS,팔도강산 (Satoori Rap/Paldogangsan),47,298
229,BTS,Save ME,176,180
230,BTS,Save ME (Japanese Ver.),166,0
231,BTS,학교의눈물 (School of Tears),39,219
232,BTS,바다 (Sea),200,296
233,BTS,Seesaw (Demo Ver.),0,0
234,BTS,Serendipity (Full Length Edition),170,154
235,BTS,Shine (Yunki Theme),0,0
236,BTS,뱁새 (Silver Spoon / Baepsae),113,296
237,BTS,Singularity,8,111
238,BTS,Skit,43,412
239,BTS,SKIT: Billboard Music Awards Speech,122,7
240,BTS,Skit: Circle Room Talk,10,427
241,BTS,Skit : Expectation!,7,323
242,BTS,Skit: 망설임과 두려움 (Hesitation and Fear),1606,0
243,BTS,SKIT : One night in a strange city,0,792
244,BTS,Skit: On The Start Line,0,177
245,BTS,Skit: R U Happy Now?,92,195
246,BTS,Skit: Soulmate,65,165
247,BTS,So 4 More,71,421
248,BTS,"So Far Away (SUGA, Jin & Jung Kook Ver.)",112,275
249,BTS,So What,261,189
250,BTS,등골브레이커 (Spine Breaker),192,288
251,BTS,봄날 (Spring Day),31,269
252,BTS,Spring Day (Japanese Ver.),31,0
253,BTS,봄날 (Spring Day) (V Demo Ver.),49,83
254,BTS,Stay,126,119
255,BTS,Stay Gold,137,0
256,BTS,STIGMA,50,137
257,BTS,Still With You (Acappella),35,164
258,BTS,Take Two,227,119
259,BTS,Tear,205,329
260,BTS,잠시 (Telepathy),25,214
261,BTS,화양연화 The Notes Pt. 1,277,0
262,BTS,화양연화 The Notes Pt. 2,223,0
263,BTS,화양연화 The Notes Pt. 3,875,0
264,BTS,The Planet,350,101
265,BTS,THE STARS,245,0
266,BTS,전하지 못한 진심 (The Truth Untold),76,136
267,BTS,Tomorrow,58,332
268,BTS,Tony Montana (with Jimin),261,114
269,BTS,Trivia 承: Love,233,270
270,BTS,Trivia 起: Just Dance,135,201
271,BTS,Trivia 轉: Seesaw,51,281
272,BTS,Trouble,247,63
273,BTS,욱 (UGH!),30,336
274,BTS,Wake Up,272,0
275,BTS,호르몬 전쟁 (War of Hormone),190,347
276,BTS,We Are B.P.B,60,138
277,BTS,We Are Bulletproof Pt. 1 (4 BEGINS Ruff),340,128
278,BTS,"We Are Bulletproof, Pt. 2",177,165
279,BTS,We Are Bulletproof : The Eternal,239,119
280,BTS,We On,244,295
281,BTS,Whalien 52,132,307
282,BTS,어디에서 왔는지 (Where Did You Come From),26,360
283,BTS,Wishing On a Star,240,0
284,BTS,Wishing On A Star (Korean Version),259,205
285,BTS,Wish (Seok Jin Theme),0,0
286,BTS,With SEOUL,92,186
287,BTS,Yet To Come,264,159
288,BTS,Yet To Come (Hyundai Ver.),395,105
289,BTS,Young Forever (RM Demo Ver.),61,104
290,BTS,Young Forever (Unplugged Ver.),47,174
291,BTS,애매한 사이 (Young Love),133,186
292,BTS,You’re so Beautiful,90,26
293,BTS,Your eyes tell,28,0
294,BTS,フンタン少年団 (Boyz With Fun) (Japanese Ver.),103,0
295,BTS,ホルモン戦争 (Hormone Sensou/War of Hormone) (Japanese Ver.),185,0
296,BTS,"血、汗、淚 (Blood Sweat & Tears / Chi, Ase, Namida) (Japanese Ver.)",31,0
297,BTS,進撃の防弾 (Attack on Bangtan/The Rise of Bangtan) (Japanese Ver.),152,0
298,(G)I-DLE,Allergy,257,74
299,(G)I-DLE,All Night,231,56
300,(G)I-DLE,ALREADY,204,103
301,(G)I-DLE,Blow Your Mind,200,87
302,(G)I-DLE,Change,369,29
303,(G)I-DLE,DAHLIA,119,146
304,(G)I-DLE,DARK (X-file),82,113
305,(G)I-DLE,달라 (DOLLAR) ($$$),242,177
306,(G)I-DLE,DON’T TEXT ME,33,278
307,(G)I-DLE,덤디덤디 (DUMDi DUMDi),124,180
308,(G)I-DLE,DUMDi DUMDi (Chinese Version),163,0
309,(G)I-DLE,DUMDi DUMDi (Japanese Version),142,0
310,(G)I-DLE,ESCAPE,181,132
311,(G)I-DLE,FIRE,192,259
312,(G)I-DLE,For You,97,0
313,(G)I-DLE,주세요 (Give Me Your),46,215
314,(G)I-DLE,HANN (Japanese Version),133,2
315,(G)I-DLE,들어줘요 (HEAR ME),15,192
316,(G)I-DLE,Help Me,221,142
317,(G)I-DLE,Help Me (Instrumental),0,0
318,(G)I-DLE,화 (HWAA),25,147
319,(G)I-DLE,HWAA (English Version),332,0
320,(G)I-DLE,I DO,273,0
321,(G)I-DLE,​i’M THE TREND,254,116
322,(G)I-DLE,Last Dance,83,198
323,(G)I-DLE,LATATA,139,170
324,(G)I-DLE,LATATA (English Version),452,0
325,(G)I-DLE,LATATA (Japanese Ver.),150,0
326,(G)I-DLE,LIAR,231,66
327,(G)I-DLE,Light My Fire,267,0
328,(G)I-DLE,LION,119,197
329,(G)I-DLE,LOST,100,143
330,(G)I-DLE,LOVE,292,94
331,(G)I-DLE,Lucid,155,85
332,(G)I-DLE,사랑해 (Luv U),101,139
333,(G)I-DLE,Maybe,45,80
334,(G)I-DLE,MAZE,120,166
335,(G)I-DLE,MAZE (Japanese Version),120,0
336,(G)I-DLE,MOON,158,76
337,(G)I-DLE,MY BAG,332,102
338,(G)I-DLE,말리지 마 (Never Stop Me),197,85
339,(G)I-DLE,Ninety Nine,223,0
340,(G)I-DLE,Nxde,233,115
341,(G)I-DLE,Oh my god,133,154
342,(G)I-DLE,Oh my god (5 Members Ver.),133,154
343,(G)I-DLE,Oh my god (English Version),443,0
344,(G)I-DLE,Oh my god (Japanese Version),138,0
345,(G)I-DLE,Paradise,176,117
346,(G)I-DLE,어린 어른 (Peter Pan),25,241
347,(G)I-DLE,POLAROID,234,64
348,(G)I-DLE,싫다고 말해 (Put It Straight),12,180
349,(G)I-DLE,싫다고 말해 (Put It Straight) [Nightmare Version],12,226
350,(G)I-DLE,퀸카 (Queencard),226,98
351,(G)I-DLE,달려! (Relay!),216,172
352,(G)I-DLE,달려! (Relay) [Instrumental],0,0
353,(G)I-DLE,Reset,30,160
354,(G)I-DLE,조각품 (Sculpture),77,147
355,(G)I-DLE,Senorita,166,127
356,(G)I-DLE,Senorita (Japanese Version),158,8
357,(G)I-DLE,Show,17,119
358,(G)I-DLE,Show (Instrumental),0,0
359,(G)I-DLE,TOMBOY,352,58
360,(G)I-DLE,TOMBOY (Explicit Version),354,57
361,(G)I-DLE,TOMBOY (Festival Ver.),347,58
362,(G)I-DLE,Tung-Tung (Empty),23,0
363,(G)I-DLE,Uh-Oh,122,192
364,(G)I-DLE,Uh-Oh (Japanese Version),104,2
365,(G)I-DLE,VILLAIN DIES,199,79
366,(G)I-DLE,VILLAIN DIES (GDA Ver.),192,66
367,(G)I-DLE,알고 싶어 (What’s in your house?),319,128
368,(G)I-DLE,What’s Your Name,180,198
369,(G)I-DLE,Where is love,96,106
370,(G)I-DLE,한(一) (HANN (Alone)),131,219
371,(G)I-DLE,한 (寒) (HANN (Alone in winter)),68,95
372,(G)I-DLE,火/花 (HWAA) (Chinese Version),28,0
373,FIFTY FIFTY,Barbie Dreams,391,0
374,FIFTY FIFTY,Barbie Dreams (Mixed),401,0
375,FIFTY FIFTY,Cupid,266,74
376,FIFTY FIFTY,Cupid (Instrumental),0,0
377,FIFTY FIFTY,Cupid (Twin Version),348,0
378,FIFTY FIFTY,Cupid – Twin Version (Snack),102,0
379,FIFTY FIFTY,Cupid (Twin Ver.) [Slowed Down Version],349,0
380,FIFTY FIFTY,Cupid (Twin Ver.) - Sped Up Version,349,0
381,FIFTY FIFTY,Higher,182,133
382,FIFTY FIFTY,Log in,329,120
383,FIFTY FIFTY,Lovin’ Me,242,93
384,FIFTY FIFTY,Tell Me,428,90
385,AESPA,2022 United Nations General Assembly Speech,246,1
386,AESPA,ænergy,159,39
387,AESPA,Better Things,611,1
388,AESPA,Black Mamba,160,111
389,AESPA,Don’t Blink,173,137
390,AESPA,Dreams Come True,282,107
391,AESPA,Dreams Come True (Instrumental),0,0
392,AESPA,Forever (약속),40,150
393,AESPA,Girls,154,194
394,AESPA,Hold On Tight,320,1
395,AESPA,ICONIC,284,147
396,AESPA,ICU (쉬어가도 돼),173,126
397,AESPA,I’ll Make You Cry,311,156
398,AESPA,도깨비불 (Illusion),216,156
399,AESPA,I’m Unhappy,197,113
400,AESPA,Life’s Too Short,192,144
401,AESPA,Life’s Too Short (English Ver.),512,1
402,AESPA,Life’s Too Short (Instrumental),0,0
403,AESPA,Lingo,184,135
404,AESPA,자각몽 (Lucid Dream),180,242
405,AESPA,Next Level,218,153
406,AESPA,Salty & Sweet,284,100
407,AESPA,Savage,369,216
408,AESPA,Spicy,369,114
409,AESPA,Thirsty,236,166
410,AESPA,’Til We Meet Again,124,140
411,AESPA,We Go,87,167
412,AESPA,We Go (Instrumental),0,0
413,AESPA,Welcome To MY World,240,88
414,AESPA,YEPPI YEPPI,237,184
415,BLACKPINK,마지막처럼 (AS IF IT’S YOUR LAST),158,173
416,BLACKPINK,AS IF IT’S YOUR LAST -Japanese Ver.-,150,0
417,BLACKPINK,AS IF IT’S YOUR LAST - JP Ver./ BLACKPINK 2019-2020 WORLD TOUR IN YOUR AREA -TOKYO DOME-,141,0
418,BLACKPINK,AS IF IT’S YOUR LAST -JP Ver.- (BLACKPINK ARENA TOUR 2018 ”SPECIAL FINAL IN KYOCERA DOME OSAKA”),141,0
419,BLACKPINK,"Awesome Screen, Awesome Camera",127,0
420,BLACKPINK,Bet You Wanna,524,0
421,BLACKPINK,붐바야 (BOOMBAYAH),227,157
422,BLACKPINK,BOOMBAYAH -Japanese Ver.-,340,0
423,BLACKPINK,BOOMBAYAH - JP Ver./ BLACKPINK 2019-2020 WORLD TOUR IN YOUR AREA -TOKYO DOME-,368,4
424,BLACKPINK,BOOMBAYAH -JP Ver.- (BLACKPINK ARENA TOUR 2018 ”SPECIAL FINAL IN KYOCERA DOME OSAKA”),368,4
425,BLACKPINK,Crazy Over You,385,0
426,BLACKPINK,뚜두뚜두 (DDU-DU DDU-DU),260,139
427,BLACKPINK,DDU-DU DDU-DU -JP Ver.-,345,0
428,BLACKPINK,DDU-DU DDU-DU - JP Ver./ BLACKPINK 2019-2020 WORLD TOUR IN YOUR AREA -TOKYO DOME-,280,0
429,BLACKPINK,DDU-DU DDU-DU -JP Ver.- (BLACKPINK ARENA TOUR 2018 ”SPECIAL FINAL IN KYOCERA DOME OSAKA”),280,0
430,BLACKPINK,Don’t Know What To Do,162,103
431,BLACKPINK,Don’t Know What To Do (Japanese Ver.),162,0
432,BLACKPINK,Don’t Know What To Do - JP Ver./ BLACKPINK 2019-2020 WORLD TOUR IN YOUR AREA -TOKYO DOME-,145,0
433,BLACKPINK,Forever Young,253,142
434,BLACKPINK,FOREVER YOUNG -JP Ver.-,247,0
435,BLACKPINK,FOREVER YOUNG - JP Ver./ BLACKPINK 2019-2020 WORLD TOUR IN YOUR AREA -TOKYO DOME-,250,0
436,BLACKPINK,FOREVER YOUNG -JP Ver.- (BLACKPINK ARENA TOUR 2018 ”SPECIAL FINAL IN KYOCERA DOME OSAKA”),250,0
437,BLACKPINK,For The Love (Pepsi Ad),78,0
438,BLACKPINK,Hard to Love,293,0
439,BLACKPINK,아니길 (Hope Not),44,150
440,BLACKPINK,Hope Not (Japanese Ver.),97,0
441,BLACKPINK,How You Like That,353,72
442,BLACKPINK,How You Like That - JP Ver.-,376,6
443,BLACKPINK,Kick It,237,143
444,BLACKPINK,Kick It (Japanese Ver.),237,0
445,BLACKPINK,Kick It - JP Ver./ BLACKPINK 2019-2020 WORLD TOUR IN YOUR AREA -TOKYO DOME-,237,0
446,BLACKPINK,Kill This Love,264,91
447,BLACKPINK,Kill This Love (Japanese Ver.),306,0
448,BLACKPINK,Kill This Love - JP Ver./ BLACKPINK 2019-2020 WORLD TOUR IN YOUR AREA -TOKYO DOME-,299,0
449,BLACKPINK,Kiss and Make Up (BLACKPINK ARENA TOUR 2018 ”SPECIAL FINAL IN KYOCERA DOME OSAKA”),435,44
450,BLACKPINK,Last Christmas ~ Rudolph the Red-nosed Reindeer (BLACKPINK ARENA TOUR 2018 ”SPECIAL FINAL IN KYOCERA DOME OSAKA”),172,0
451,BLACKPINK,LET IT BE ~ YOU & I ~ ONLY LOOK AT ME / ROSÉ (BLACKPINK ARENA TOUR 2018 ”SPECIAL FINAL IN KYOCERA DOME OSAKA”),96,154
452,BLACKPINK,Lovesick Girls,203,142
453,BLACKPINK,Lovesick Girls -JP Ver.-,203,0
454,BLACKPINK,Love To Hate Me,466,0
455,BLACKPINK,One By Way,337,0
456,BLACKPINK,Pink Venom,400,72
457,BLACKPINK,Pink Venom (Mixed),395,72
458,BLACKPINK,불장난 (PLAYING WITH FIRE),119,145
459,BLACKPINK,PLAYING WITH FIRE -Japanese Ver.-,183,6
460,BLACKPINK,PLAYING WITH FIRE - JP Ver./ BLACKPINK 2019-2020 WORLD TOUR IN YOUR AREA -TOKYO DOME-,184,6
461,BLACKPINK,PLAYING WITH FIRE -JP Ver.- (BLACKPINK ARENA TOUR 2018 ”SPECIAL FINAL IN KYOCERA DOME OSAKA”),184,6
462,BLACKPINK,Pretty Savage,277,93
463,BLACKPINK,Pretty Savage -JP Ver.-,297,0
464,BLACKPINK,Price Tag / Lonely / You & I / The Lazy Song,221,42
465,BLACKPINK,Ready For Love,274,103
466,BLACKPINK,Really,235,144
467,BLACKPINK,REALLY -JP Ver.-,237,0
468,BLACKPINK,REALLY - JP Ver./ BLACKPINK 2019-2020 WORLD TOUR IN YOUR AREA -TOKYO DOME-,237,0
469,BLACKPINK,REALLY -JP Ver.- (BLACKPINK ARENA TOUR 2018 ”SPECIAL FINAL IN KYOCERA DOME OSAKA”),237,0
470,BLACKPINK,See U Later,260,172
471,BLACKPINK,SEE U LATER -JP Ver.-,266,0
472,BLACKPINK,SEE U LATER - JP Ver./ BLACKPINK 2019-2020 WORLD TOUR IN YOUR AREA -TOKYO DOME-,267,0
473,BLACKPINK,SEE U LATER -JP Ver.- (BLACKPINK ARENA TOUR 2018 ”SPECIAL FINAL IN KYOCERA DOME OSAKA”),267,0
474,BLACKPINK,Shut Down,393,57
475,BLACKPINK,SOLO (BLACKPINK ARENA TOUR 2018 ”SPECIAL FINAL IN KYOCERA DOME OSAKA”),207,89
476,BLACKPINK,STAY,206,179
477,BLACKPINK,STAY -Japanese Ver.-,279,0
478,BLACKPINK,STAY -JP Ver.- (BLACKPINK ARENA TOUR 2018 ”SPECIAL FINAL IN KYOCERA DOME OSAKA”),280,0
479,BLACKPINK,Sure Thing,628,0
480,BLACKPINK,Tally,433,0
481,BLACKPINK,THE GIRLS,400,0
482,BLACKPINK,The Happiest Girl,406,0
483,BLACKPINK,Typa Girl,460,0
484,BLACKPINK,휘파람 (WHISTLE),160,198
485,BLACKPINK,휘파람 (WHISTLE) - Acoustic Ver.,160,194
486,BLACKPINK,WHISTLE (Acoustic Ver.) -Japanese Ver.-,284,0
487,BLACKPINK,WHISTLE -Acoustic Ver.- -JP Ver.- (BLACKPINK ARENA TOUR 2018 ”SPECIAL FINAL IN KYOCERA DOME OSAKA”),285,0
488,BLACKPINK,WHISTLE (Japanese Ver.),284,0
489,BLACKPINK,WHISTLE - JP Ver./ BLACKPINK 2019-2020 WORLD TOUR IN YOUR AREA -TOKYO DOME-,285,0
490,BLACKPINK,Yeah Yeah Yeah,62,84
491,BLACKPINK,You Never Know,201,169
492,BLACKPINK,You Never Know -JP Ver.-,202,0
493,BLACKPINK,雪の華 (Yukino Hana) / JISOO (BLACKPINK ARENA TOUR 2018 ”SPECIAL FINAL IN KYOCERA DOME OSAKA”),11,0
494,TWICE,"1, 3, 2",206,168
495,TWICE,1 TO 10,104,198
496,TWICE,21:29,98,124
497,TWICE,21:29 (Japanese ver.),119,0
498,TWICE,24/7,172,145
499,TWICE,AFTER MOON,72,139
500,TWICE,Alcohol-Free,107,168
501,TWICE,Alcohol-Free (Instrumental),0,0
502,TWICE,Alcohol-Free -Japanese ver.-,117,0
503,TWICE,Archive Voice Memo,67,0
504,TWICE,Baby Blue Love,265,62
505,TWICE,Basics,252,138
506,TWICE,BDZ,138,0
507,TWICE,BDZ (Korean Ver.),124,164
508,TWICE,Be as ONE,13,0
509,TWICE,Be as ONE (Korean Version),10,211
510,TWICE,BEHIND THE MASK,228,73
511,TWICE,BELIEVER,122,122
512,TWICE,Be OK,179,0
513,TWICE,BETTER,184,0
514,TWICE,BETTER (Instrumental),0,0
515,TWICE,Bitter Sweet,170,0
516,TWICE,BLAME IT ON ME,290,74
517,TWICE,BRAND NEW GIRL,259,0
518,TWICE,BRAND NEW GIRL (Instrumental),0,0
519,TWICE,Brave,311,129
520,TWICE,Breakthrough,198,0
521,TWICE,Breakthrough (Instrumental),0,0
522,TWICE,BREAKTHROUGH (Korean Version),195,165
523,TWICE,BRING IT BACK,276,132
524,TWICE,선인장 (CACTUS),58,126
525,TWICE,CANDY,358,0
526,TWICE,Candy Boy,191,84
527,TWICE,Candy Pop,191,0
528,TWICE,Candy Pop (Instrumental),0,0
529,TWICE,Catch a Wave,409,0
530,TWICE,Catch a Wave (Instrumental),0,0
531,TWICE,Celebrate,249,0
532,TWICE,Changing!,153,0
533,TWICE,CHEER UP,121,240
534,TWICE,CHEER UP (Instrumental),0,0
535,TWICE,CHEER UP (Japanese ver.),124,0
536,TWICE,CHILLAX,135,204
537,TWICE,Complete Voice Memo,66,0
538,TWICE,Conversation,194,91
539,TWICE,CRAZY STUPID LOVE,258,89
540,TWICE,CRUEL,317,62
541,TWICE,CRY FOR ME,251,127
542,TWICE,CRY FOR ME (English Ver.),513,0
543,TWICE,CRY FOR ME -Japanese ver.-,251,0
544,TWICE,Cryptography Voice Memo,60,0
545,TWICE,Dance the Night Away,213,124
546,TWICE,Dance The Night Away (Japanese ver.),245,0
547,TWICE,DEJAVU,186,194
548,TWICE,DEPEND ON YOU,188,137
549,TWICE,DING DONG,182,173
550,TWICE,다시 해줘 (Do It Again),110,244
551,TWICE,DON’T CALL ME AGAIN,171,75
552,TWICE,힘내! (DON’T GIVE UP),81,187
553,TWICE,Doughnut,94,0
554,TWICE,Doughnut (Instrumental),0,0
555,TWICE,DO WHAT WE LIKE,247,87
556,TWICE,ESPRESSO,248,210
557,TWICE,Eye Eye Eyes,137,230
558,TWICE,Fake & True,175,0
559,TWICE,FANCY,129,176
560,TWICE,FANCY (Japanese ver.),133,0
561,TWICE,Fanfare,120,0
562,TWICE,Fanfare (Instrumental),0,0
563,TWICE,Feel Special,114,167
564,TWICE,Feel Special (2023 Ver.),137,161
565,TWICE,Feel Special (Japanese ver.),116,0
566,TWICE,FFW,186,223
567,TWICE,F.I.L.A (Fall In Love Again),333,65
568,TWICE,FIREWORK,95,187
569,TWICE,First Time,198,116
570,TWICE,Flow like waves,354,0
571,TWICE,Four-leaf Clover,291,0
572,TWICE,GET LOUD,158,247
573,TWICE,GIRLS LIKE US,137,92
574,TWICE,GO HARD,206,95
575,TWICE,미쳤나봐 (Going Crazy),100,165
576,TWICE,Gone,167,121
577,TWICE,Good at Love,349,0
578,TWICE,GOT THE THRILLS,277,113
579,TWICE,HANDLE IT,141,118
580,TWICE,HAPPY HAPPY,253,0
581,TWICE,HAPPY HAPPY (Instrumental),0,0
582,TWICE,Hare Hare,311,0
583,TWICE,Hare Hare (Instrumental),0,0
584,TWICE,Headphone 써 (My Headphones On),68,178
585,TWICE,Heart Shaker,181,163
586,TWICE,Heart Shaker (Japanese ver.),196,0
587,TWICE,HELL IN HEAVEN,165,109
588,TWICE,HELLO,319,110
589,TWICE,HO!,157,214
590,TWICE,Hold Me Tight,52,187
591,TWICE,HOT,223,95
592,TWICE,How u doin’,196,0
593,TWICE,I CAN’T STOP ME,316,158
594,TWICE,I CAN’T STOP ME (English Version),631,0
595,TWICE,I CAN’T STOP ME -Japanese ver.-,338,0
596,TWICE,Ice Cream (녹아요),23,173
597,TWICE,ICON,484,0
598,TWICE,누구보다 널 사랑해 (I love you more than anyone),126,150
599,TWICE,누구보다 널 사랑해 (I love you more than anyone) (Instrumental),0,0
600,TWICE,I’m Gonna Be a Star,434,99
601,TWICE,In the summer,240,0
602,TWICE,I WANT YOU BACK,552,0
603,TWICE,"잘자요 굿나잇 (JALJAYO, GOOD NIGHT)",30,155
604,TWICE,JELLY JELLY,142,181
605,TWICE,Just be yourself,201,0
606,TWICE,KNOCK KNOCK,284,150
607,TWICE,KNOCK KNOCK (Japanese ver.),301,0
608,TWICE,Kura Kura,143,0
609,TWICE,Kura Kura (Instrumental),0,0
610,TWICE,LALALA,146,133
611,TWICE,LAST WALTZ,168,139
612,TWICE,Like a Fool,90,131
613,TWICE,Like OOH-AHH (Japanese ver.),133,6
614,TWICE,LIKEY,100,187
615,TWICE,LIKEY (Japanese ver.),101,0
616,TWICE,날 바라바라봐 (LOOK AT ME),130,222
617,TWICE,L.O.V.E,178,0
618,TWICE,LOVE FOOLISH,147,100
619,TWICE,LOVE LINE,119,213
620,TWICE,LUV ME,197,0
621,TWICE,LUV ME (Instrumental),0,0
622,TWICE,MAKE ME GO,387,115
623,TWICE,Merry & Happy,61,153
624,TWICE,MISSING U,176,158
625,TWICE,MOONLIGHT,492,0
626,TWICE,MOONLIGHT SUNRISE,484,0
627,TWICE,MOONLIGHT SUNRISE (Instrumental),0,0
628,TWICE,MORE & MORE,169,165
629,TWICE,MORE & MORE (English Version),483,0
630,TWICE,MORE & MORE (Japanese ver.),169,0
631,TWICE,"MOVE (Momo, Mina, Dahyun, Chaeyoung)",138,148
632,TWICE,NEXT PAGE,167,197
633,TWICE,ONE IN A MILLION,134,119
634,TWICE,ONE MORE TIME,164,0
635,TWICE,One More Time (Instrumental),0,0
636,TWICE,Only 너 (Only You),190,222
637,TWICE,OOH-AHH하게 (Like OOH-AHH),120,217
638,TWICE,OOH-AHH 하게 (LIKE OOH-AHH) [Instrumental],0,0
639,TWICE,OXYGEN,175,185
640,TWICE,Pathfinder Voice Memo,62,0
641,TWICE,Perfect World,233,0
642,TWICE,PIECES OF LOVE,297,0
643,TWICE,Pink Lemonade,211,0
644,TWICE,Pink Lemonade (Instrumental),0,0
645,TWICE,PIT-A-PAT,144,188
646,TWICE,POLISH,173,0
647,TWICE,PONYTAIL,126,137
648,TWICE,소중한 사랑 (Precious Love),14,213
649,TWICE,PROMISE,78,0
650,TWICE,PUSH & PULL,244,181
651,TWICE,QUEEN,281,157
652,TWICE,Queen of Hearts,454,0
653,TWICE,RAINBOW,152,130
654,TWICE,Ready To Be with Dahyun & Chaeyoung & Tzuyu,71,0
655,TWICE,Ready To Be with Jeongyeon & Momo,118,0
656,TWICE,Ready To Be with Jihyo & Nayeon,71,0
657,TWICE,Ready To Be with Sana & Mina,103,0
658,TWICE,REAL YOU,150,202
659,TWICE,알고 싶지 않아 (REWIND),7,160
660,TWICE,ROLLIN’,80,181
661,TWICE,Sandcastle,101,0
662,TWICE,Say It Again,195,0
663,TWICE,SAY SOMETHING,113,123
664,TWICE,SAY YES,88,174
665,TWICE,SAY YOU LOVE ME,148,213
666,TWICE,Scandal,298,56
667,TWICE,SCIENTIST,255,154
668,TWICE,SCIENTIST -Japanese ver.-,256,0
669,TWICE,Scorpion,177,0
670,TWICE,Scorpion (Instrumental),0,0
671,TWICE,SET ME FREE,249,159
672,TWICE,SET ME FREE (ENG),529,0
673,TWICE,SHADOW,73,174
674,TWICE,SHOT CLOCK,313,142
675,TWICE,Shot thru the heart,174,211
676,TWICE,SIGNAL,44,234
677,TWICE,SIGNAL (Japanese ver.),67,0
678,TWICE,Someone Like Me,89,192
679,TWICE,SOS,241,82
680,TWICE,STAY BY MY SIDE,168,0
681,TWICE,STRAWBERRY,187,159
682,TWICE,Strawberry Moon,93,0
683,TWICE,Strawberry Moon (Instrumental),0,0
684,TWICE,Stronger,117,0
685,TWICE,STUCK,112,237
686,TWICE,STUCK IN MY HEAD,298,178
687,TWICE,STUCK IN MY HEAD (Japanese ver.),315,0
688,TWICE,SUNSET,72,243
689,TWICE,SWEET SUMMER DAY,171,148
690,TWICE,SWEET TALKER,116,187
691,TWICE,SWING,142,0
692,TWICE,Talk that Talk,257,157
693,TWICE,"Thank you, Family",47,0
694,TWICE,That’s all I’m saying,171,0
695,TWICE,올해 제일 잘한 일 (The Best Thing I Ever Did),86,195
696,TWICE,The Best Thing I Ever Did (Japanese ver.),88,0
697,TWICE,The Feels,634,0
698,TWICE,The Feels (Instrumental),0,0
699,TWICE,The Feels (Korean Ver.),434,132
700,TWICE,The Feels Voice Memo 1: Dahyun & Tzuyu,143,0
701,TWICE,The Feels Voice Memo 2: Momo & Mina,147,0
702,TWICE,The Feels Voice Memo 3: Nayeon & Chaeyoung,189,0
703,TWICE,The Feels Voice Memo 4: Sana & Jihyo,159,6
704,TWICE,The Reason Why,56,0
705,TWICE,하루에 세번 (Three Times a Day),27,236
706,TWICE,TICK TOCK,239,0
707,TWICE,Touchdown,174,164
708,TWICE,TRICK IT,329,133
709,TWICE,Trouble,374,99
710,TWICE,Truth,368,113
711,TWICE,TT,132,229
712,TWICE,TT (Instrumental),0,0
713,TWICE,TT (Japanese ver.),142,0
714,TWICE,툭하면 톡 (Tuk Tok),108,229
715,TWICE,TURN IT UP,296,177
716,TWICE,거북이 (TURTLE),38,213
717,TWICE,트와이스 송 (TWICE Song),46,152
718,TWICE,UP NO MORE,186,196
719,TWICE,Voice Memo 1,134,0
720,TWICE,Voice memo 1 from TWICE,144,0
721,TWICE,Voice Memo 2,150,4
722,TWICE,Voice memo 2 from TWICE,249,0
723,TWICE,Voice Memo 3,116,2
724,TWICE,Voice Memo 4,139,0
725,TWICE,Voices of Delight,278,0
726,TWICE,Wake Me Up,218,0
727,TWICE,Wake Me Up (Instrumental),0,0
728,TWICE,WALLFLOWER,253,86
729,TWICE,What Is Love?,143,188
730,TWICE,What is Love? (Japanese ver.),144,0
731,TWICE,What You Waiting For,496,0
732,TWICE,When We Were Kids,211,112
733,TWICE,Wishing,18,0
734,TWICE,Wonderful Day,150,0
735,TWICE,Wonderful Day (Instrumental),0,0
736,TWICE,Woohoo,231,178
737,TWICE,WOW,70,212
738,TWICE,YES or YES,192,226
739,TWICE,YES or YES (Japanese ver.),201,0
740,TWICE,널 내게 담아 (YOU IN MY HEART),16,255
741,TWICE,YOUNG & WILD,132,199
742,Enhyphen,10 Months,68,140
743,Enhyphen,A Kind Of Magic (Coke Studio Session),182,1
744,Enhyphen,Always,232,1
745,Enhyphen,"Attention, please!",87,191
746,Enhyphen,Bills,150,137
747,Enhyphen,Bills (Japanese Version),150,1
748,Enhyphen,BILLY POCO,78,128
749,Enhyphen,BILLY POCO (Instrumental),0,0
750,Enhyphen,Bite Me,238,90
751,Enhyphen,Bite Me (Japanese Version),238,1
752,Enhyphen,Blessed-Cursed,218,151
753,Enhyphen,Blessed-Cursed (Japanese Ver.),222,1
754,Enhyphen,Blockbuster (액션 영화처럼),171,223
755,Enhyphen,BLOSSOM,120,1
756,Enhyphen,Chaconne,93,159
757,Enhyphen,CRIMINAL LOVE,284,132
758,Enhyphen,Drunk-Dazed,125,165
759,Enhyphen,Drunk-Dazed (Japanese Ver.),135,1
760,Enhyphen,가족송 (Family Song),10,82
761,Enhyphen,Fate,47,163
762,Enhyphen,FEVER,71,146
763,Enhyphen,Flicker,17,189
764,Enhyphen,Foreshadow,67,66
765,Enhyphen,Forget Me Not,25,1
766,Enhyphen,Future Perfect (Pass the MIC),240,143
767,Enhyphen,Future Perfect (Pass the MIC) (Japanese Ver.),239,1
768,Enhyphen,Given-Taken,99,184
769,Enhyphen,Given-Taken (Japanese Ver.),115,1
770,Enhyphen,모 아니면 도 (Go Big or Go Home),212,120
771,Enhyphen,HEY TAYO (Tayo Opening Theme Song),21,112
772,Enhyphen,HEY TAYO (Tayo Opening Theme Song) (Instrumental),0,0
773,Enhyphen,구해줘 (I Need the Light),263,124
774,Enhyphen,구해줘 (I Need The Light) (Inst.),0,0
775,Enhyphen,Interlude : Question,109,1
776,Enhyphen,Intro : The Invitation,139,1
777,Enhyphen,Intro : Walk The Line,106,20
778,Enhyphen,Intro : Whiteout,144,1
779,Enhyphen,몰랐어 (Just A Little Bit),93,151
780,Enhyphen,몰랐어 (Just A Little Bit) (Carol ver.),94,151
781,Enhyphen,Karma,146,134
782,Enhyphen,Let Me In (20 CUBE),313,109
783,Enhyphen,Let Me In (20 CUBE) (Japanese Ver.),315,1
784,Enhyphen,Make the change,178,1
785,Enhyphen,별안간 (Mixed Up),78,209
786,Enhyphen,Not for Sale,66,125
787,Enhyphen,One and Only,223,91
788,Enhyphen,One In A Billion,210,112
789,Enhyphen,Outro : Cross the Line,93,1
790,Enhyphen,Outro : Day 2,134,1
791,Enhyphen,Outro : The Wormhole,124,1
792,Enhyphen,ParadoXXX Invasion,206,129
793,Enhyphen,Polaroid Love,103,125
794,Enhyphen,Sacrifice (Eat Me Up),137,147
795,Enhyphen,SHOUT OUT,189,187
796,Enhyphen,Tamed-Dashed,173,144
797,Enhyphen,Tamed-Dashed (Japanese Ver.),178,1
798,Enhyphen,TFW (That Feeling When),203,116
799,Enhyphen,Upper Side Dreamin’,168,162
800,Enhyphen,WALK THE LINE,89,59
801,Enhyphen,ZERO MOMENT,248,1
802,Enhyphen,ZERO MOMENT (Instrumental),0,0
803,Stray Kids,0325,171,152
804,Stray Kids,0325 (SKZ2021 Ver.),171,152
805,Stray Kids,19,53,321
806,Stray Kids,19 (SKZ2020 Ver.),53,321
807,Stray Kids,24 to 25,158,124
808,Stray Kids,3RACHA,247,249
809,Stray Kids,3rd Eye,97,286
810,Stray Kids,3rd Eye (SKZ2021 Ver.),98,274
811,Stray Kids,4419,24,266
812,Stray Kids,비행기 (Airplane),150,269
813,Stray Kids,ALL IN,195,0
814,Stray Kids,ALL IN (Korean Ver.),128,248
815,Stray Kids,일상 (Another Day),6,192
816,Stray Kids,아니 (Any),97,305
817,Stray Kids,Astronaut,90,219
818,Stray Kids,Awaken,90,255
819,Stray Kids,Awaken (SKZ2021 Ver.),91,255
820,Stray Kids,갑자기 분위기 싸해질 필요 없잖아요 (Awkward Silence),52,248
821,Stray Kids,갑자기 분위기 싸해질 필요 없잖아요 (Awkward Silence) (SKZ2020 Ver.),52,248
822,Stray Kids,Back Door,117,194
823,Stray Kids,Back Door -Japanese ver.-,234,0
824,Stray Kids,Battle Ground,278,0
825,Stray Kids,그림자도 빛이 있어야 존재 (Behind The Light),144,315
826,Stray Kids,BEWARE (Grrr 총량의 법칙),47,236
827,Stray Kids,BEWARE (Grrr 총량의 법칙) (SKZ2020 Ver.),48,236
828,Stray Kids,청사진 (Blueprint),78,368
829,Stray Kids,B Me,192,198
830,Stray Kids,Booster,70,264
831,Stray Kids,Boxer,107,264
832,Stray Kids,BOXER (SKZ2020 Ver.),117,264
833,Stray Kids,고장난 나침반 (Broken Compass),134,341
834,Stray Kids,Butterflies,147,0
835,Stray Kids,Butterflies (Instrumental),0,0
836,Stray Kids,CALL,148,0
837,Stray Kids,나 너 좋아하나봐 (Can’t Stop),158,161
838,Stray Kids,CASE 143,311,128
839,Stray Kids,CASE 143 -Japanese ver.-,347,0
840,Stray Kids,Charmer,158,141
841,Stray Kids,CHEESE,169,166
842,Stray Kids,식혀 (CHILL),82,301
843,Stray Kids,CHILL -Japanese ver.-,134,0
844,Stray Kids,Christmas EveL,124,172
845,Stray Kids,Chronosaurus,81,160
846,Stray Kids,Chronosaurus (SKZ2020 Ver.),81,160
847,Stray Kids,CIRCUS,333,2
848,Stray Kids,CIRCUS (Korean Ver.),309,128
849,Stray Kids,충돌 (Collision),81,198
850,Stray Kids,District 9,112,240
851,Stray Kids,District 9 (SKZ2020 Ver.),112,239
852,Stray Kids,DLC,304,69
853,Stray Kids,DLMLU,110,0
854,Stray Kids,DOMINO,156,196
855,Stray Kids,DOMINO (English Ver.),539,0
856,Stray Kids,Double Knot,84,207
857,Stray Kids,Double Knot (Album Version),86,207
858,Stray Kids,Double Knot (English Ver.),420,0
859,Stray Kids,Double Knot -Japanese ver.-,213,0
860,Stray Kids,Easy,207,243
861,Stray Kids,Entrance,45,0
862,Stray Kids,미친 놈 (Ex),34,309
863,Stray Kids,Fairytale,47,0
864,Stray Kids,FAM,166,4
865,Stray Kids,FAM (Korean Ver.),87,267
866,Stray Kids,FNF,261,99
867,Stray Kids,For You,111,230
868,Stray Kids,For You (English Translations),448,0
869,Stray Kids,땡 (FREEZE),73,247
870,Stray Kids,Get Cool,187,201
871,Stray Kids,Get Cool (SKZ2020 Ver.),185,201
872,Stray Kids,죽어보자 (GET LIT),163,196
873,Stray Kids,Give Me Your TMI,126,239
874,Stray Kids,GLOW,30,337
875,Stray Kids,신뚜두뚜두 (God’s DDU-DU DDU-DU),366,171
876,Stray Kids,Gone Away,40,196
877,Stray Kids,GO生,69,105
878,Stray Kids,잘 하고 있어 (Grow Up),76,252
879,Stray Kids,잘 하고 있어 (Grow Up) (SKZ2020 Ver.),76,252
880,Stray Kids,위인전 (Hall of Fame),210,135
881,Stray Kids,Haven,159,148
882,Stray Kids,Hellevator,64,249
883,Stray Kids,Hellevator (SKZ2020 Ver.),65,249
884,Stray Kids,Hello Stranger,40,250
885,Stray Kids,Hello Stranger (Instrumental),0,0
886,Stray Kids,해장국 (Hero’s Soup),8,226
887,Stray Kids,HEYDAY,223,116
888,Stray Kids,Hoodie Season,58,347
889,Stray Kids,I am YOU,111,268
890,Stray Kids,I am YOU (SKZ2020 Ver.),112,268
891,Stray Kids,기도 (I’ll Be Your Man) (Stray Kids Ver.),120,263
892,Stray Kids,불면증 (Insomnia),112,191
893,Stray Kids,불면증 (Insomnia) (SKZ2021 Ver.),113,193
894,Stray Kids,IN生 Mashup,208,231
895,Stray Kids,ITEM,225,196
896,Stray Kids,바람 (Levanter),73,161
897,Stray Kids,Levanter (English Ver.),393,0
898,Stray Kids,Lonely St.,185,115
899,Stray Kids,Lost Me,11,0
900,Stray Kids,#LoveSTAY,94,113
901,Stray Kids,MANIAC,134,173
902,Stray Kids,MANIAC -Japanese ver.-,198,0
903,Stray Kids,MAXIDENT Mashup,89,96
904,Stray Kids,잠깐의 고요 (Maze of Memories),223,228
905,Stray Kids,잠깐의 고요 (Maze of Memories) (SKZ2021 Ver.),225,228
906,Stray Kids,잠깐의 고요 (Maze of Memories) (SKZ2021 Ver.) (Romanized),450,0
907,Stray Kids,M.I.A,28,347
908,Stray Kids,M.I.A (SKZ2020 Ver.),28,347
909,Stray Kids,MIROH,89,231
910,Stray Kids,MIROH (SKZ2020 Ver.),89,231
911,Stray Kids,Mirror,107,304
912,Stray Kids,Mirror (SKZ2020 Ver.),107,304
913,Stray Kids,Mixtape #1,183,232
914,Stray Kids,Mixtape #2,139,338
915,Stray Kids,Mixtape #3,116,251
916,Stray Kids,Mixtape #4,131,338
917,Stray Kids,Mixtape #5,58,347
918,Stray Kids,Mixtape: Gone Days,133,173
919,Stray Kids,Mixtape: 애 (OH),63,252
920,Stray Kids,바보라도 알아 - Mixtape : On Track,90,267
921,Stray Kids,Mixtape : Time Out,157,147
922,Stray Kids,Muddy Water,215,241
923,Stray Kids,My Pace,191,211
924,Stray Kids,My Pace -Japanese ver.-,265,0
925,Stray Kids,My Pace (SKZ2020 Ver.),192,209
926,Stray Kids,편 (My Side),57,246
927,Stray Kids,편 (My Side) (SKZ2021 Ver.),57,246
928,Stray Kids,My Universe,52,239
929,Stray Kids,끝나지 않을 이야기 (Neverending Story),28,254
930,Stray Kids,끝나지 않을 이야기 (Neverending Story) (Instrumental),0,0
931,Stray Kids,NOT!,70,84
932,Stray Kids,Novel,39,0
933,Stray Kids,극과 극 N/S,287,254
934,Stray Kids,극과 극 (N/S) (SKZ2021 Ver.),287,254
935,Stray Kids,ODDINARY Mashup,70,58
936,Stray Kids,One Day,42,0
937,Stray Kids,Pacemaker,106,249
938,Stray Kids,PARTY’S NOT OVER,280,83
939,Stray Kids,Phobia,171,184
940,Stray Kids,Placebo,181,215
941,Stray Kids,QUESTION,141,145
942,Stray Kids,Question (SKZ2020 Ver.),139,145
943,Stray Kids,강박 (Red Lights),162,126
944,Stray Kids,밟힌 적 없는 길 (Road Not Taken),41,45
945,Stray Kids,Rock (돌),163,176
946,Stray Kids,ROCK (돌) (SKZ2021 Ver.),163,176
947,Stray Kids,Scars,89,0
948,Stray Kids,Scars (Korean Ver.),81,204
949,Stray Kids,SCHOOL LIFE,22,244
950,Stray Kids,특 (S-Class),163,212
951,Stray Kids,말할 수 없는 비밀 (Secret Secret),68,216
952,Stray Kids,부작용 (Side Effects),84,217
953,Stray Kids,부작용 (Side Effects) (SKZ2020 Ver.),82,217
954,Stray Kids,Silent Cry,70,249
955,Stray Kids,Silent Cry -Japanese ver.-,102,0
956,Stray Kids,SLUMP,40,232
957,Stray Kids,SLUMP (English Version),462,0
958,Stray Kids,SLUMP (Instrumental),0,0
959,Stray Kids,SLUMP (Japanese Version),62,0
960,Stray Kids,SLUMP (Japanese Version) [神之塔 / Tower of God],40,0
961,Stray Kids,Social Path,403,0
962,Stray Kids,Social Path (Instrumental),0,0
963,Stray Kids,"좋아해서 미안 (Sorry, I Love You)",4,304
964,Stray Kids,어린 날개 (Spread My Wings),33,265
965,Stray Kids,어린 날개 (Spread My Wings) (SKZ2020 Ver.),33,265
966,Stray Kids,씩 (SSICK),147,179
967,Stray Kids,Star Lost,194,190
968,Stray Kids,STOP,123,140
969,Stray Kids,Stray Kids - Hellevator (Traducción al Español),393,0
970,Stray Kids,Sunshine,99,293
971,Stray Kids,SUPER BOARD,152,182
972,Stray Kids,Super Bowl,503,0
973,Stray Kids,Super Bowl -Japanese ver.-,249,0
974,Stray Kids,Surfin’,265,148
975,Stray Kids,타 (TA),160,226
976,Stray Kids,TASTE,242,154
977,Stray Kids,There,210,0
978,Stray Kids,THE SOUND,218,0
979,Stray Kids,THE SOUND (Instrumental),0,0
980,Stray Kids,THE SOUND (Korean Ver.),97,216
981,Stray Kids,토끼와 거북이 (The Tortoise and the Hare),144,222
982,Stray Kids,The View,201,177
983,Stray Kids,소리꾼 (Thunderous),127,194
984,Stray Kids,ソリクン (Thunderous) -Japanese Ver.-,168,8
985,Stray Kids,별생각 (TMT),50,286
986,Stray Kids,별생각 (TMT) (SKZ2020 Ver.),50,286
987,Stray Kids,TOP,89,222
988,Stray Kids,TOP (English Version),573,0
989,Stray Kids,TOP (Instrumental),0,0
990,Stray Kids,TOP (Japanese Version),138,0
991,Stray Kids,TOP (Japanese Version) [神之塔 / Tower of God],68,0
992,Stray Kids,TOPLINE,257,186
993,Stray Kids,TOPLINE (RNR(Rose’s N’ Red) Entertainments Translation)) ENG,535,0
994,Stray Kids,오늘 밤 나는 불을 켜 (Up All Night),136,196
995,Stray Kids,거미줄 (VENOM),124,187
996,Stray Kids,승전가 (Victory Song),187,162
997,Stray Kids,Victory Song (SKZ2020 Ver.),187,162
998,Stray Kids,VOICES,131,198
999,Stray Kids,VOICES (SKZ2020 Ver.),130,198
1000,Stray Kids,피어난다 (Waiting For Us),83,113
1001,Stray Kids,We Go,132,227
1002,Stray Kids,WHO?,50,72
1003,Stray Kids,Winter Falls,164,261
1004,Stray Kids,WOLFGANG,125,173
1005,Stray Kids,WOLFGANG (Album Version),125,173
1006,Stray Kids,Wow,260,126
1007,Stray Kids,YAYAYA,87,296
1008,Stray Kids,YAYAYA (SKZ2020 Ver.),87,296
1009,Stray Kids,YOU.,30,31
1010,Stray Kids,You Can Stay,155,234
1011,Stray Kids,Your Eyes,56,0
1012,Stray Kids,Youtiful,413,0
1013,Stray Kids,Youtiful (by stray kids lyrics),410,0
1014,Stray Kids,神메뉴 (God’s Menu),115,198
1015,Stray Kids,神メニュー (God’s Menu) -Japanese ver.-,212,0
1016,Stray Kids,蜘蛛の巣 (VENOM) -Japanese ver.-,175,0
1017,Stray Kids,風 (Levanter) -Japanese ver.-,89,0
1018,TOMORROW X TOGETHER,0X1=LOVESONG (I Know I Love You),241,145
1019,TOMORROW X TOGETHER,0x1=LOVESONG (I Know I Love You) (Emocore Mix),246,150
1020,TOMORROW X TOGETHER,0X1=LOVESONG (I Know I Love You) [Japanese Ver.],248,0
1021,TOMORROW X TOGETHER,0X1=LOVESONG (I Know I Love You) (Mod Sun Ver.),428,59
1022,TOMORROW X TOGETHER,20cm,46,199
1023,TOMORROW X TOGETHER,5시 53분의 하늘에서 발견한 너와 나 (Blue Hour),279,159
1024,TOMORROW X TOGETHER,5시 53분의 하늘에서 발견한 너와 나 (Blue Hour) [Dance Break Ver.],338,179
1025,TOMORROW X TOGETHER,5時53分の空で見つけた君と僕 (Blue Hour) [Dance Break Ver.] (Japanese Ver.),342,0
1026,TOMORROW X TOGETHER,5時53分の空で見つけた君と僕 (Blue Hour) (Japanese Ver.),279,0
1027,TOMORROW X TOGETHER,9와 4분의 3 승강장에서 너를 기다려 (Run Away),115,222
1028,TOMORROW X TOGETHER,9と4分の3番線で君を待つ (Run Away) [Japanese Ver.],154,0
1029,TOMORROW X TOGETHER,Angel Or Devil,198,272
1030,TOMORROW X TOGETHER,Angel Or Devil (Japanese Ver.),197,0
1031,TOMORROW X TOGETHER,Anti-Romantic,121,123
1032,TOMORROW X TOGETHER,Blue Orangeade,175,187
1033,TOMORROW X TOGETHER,Blue Spring,162,101
1034,TOMORROW X TOGETHER,"세계가 불타버린 밤, 우린... (Can’t You See Me?)",316,97
1035,TOMORROW X TOGETHER,Can’t You See Me? (世界が燃えてしまった夜、僕たちは...) [Japanese Ver.],310,0
1036,TOMORROW X TOGETHER,Cat & Dog,208,192
1037,TOMORROW X TOGETHER,Cat & Dog (English Version),619,0
1038,TOMORROW X TOGETHER,어느날 머리에서 뿔이 자랐다 (CROWN),196,196
1039,TOMORROW X TOGETHER,디어 스푸트니크 (Dear Sputnik),214,136
1040,TOMORROW X TOGETHER,Devil by the Window (자정의 창가에서 만난 악마의 목소리는 달콤했다),393,0
1041,TOMORROW X TOGETHER,Drama,196,129
1042,TOMORROW X TOGETHER,Drama (Japanese Ver.),190,0
1043,TOMORROW X TOGETHER,Eternally,48,160
1044,TOMORROW X TOGETHER,EYES (감은 눈을 떠봐) (From ”Armored Saurus”),73,205
1045,TOMORROW X TOGETHER,F2020,72,148
1046,TOMORROW X TOGETHER,샴푸의 요정 (Fairy of Shampoo),7,126
1047,TOMORROW X TOGETHER,"네버랜드를 떠나며 (Farewell, Neverland)",144,87
1048,TOMORROW X TOGETHER,Force,116,0
1049,TOMORROW X TOGETHER,Free Falling,98,160
1050,TOMORROW X TOGETHER,Frost,100,154
1051,TOMORROW X TOGETHER,Ghosting,32,223
1052,TOMORROW X TOGETHER,Good Boy Gone Bad,286,168
1053,TOMORROW X TOGETHER,Good Boy Gone Bad (Japanese Ver.),305,0
1054,TOMORROW X TOGETHER,이젠 안녕 (Goodbye Now),4,158
1055,TOMORROW X TOGETHER,이젠 안녕 (Goodbye Now) (Instrumental),0,0
1056,TOMORROW X TOGETHER,Happy Fools,272,101
1057,TOMORROW X TOGETHER,Happy Fools (TOMORROW X TOGETHER Ver.),189,135
1058,TOMORROW X TOGETHER,소악행 (Ice Cream),226,123
1059,TOMORROW X TOGETHER,Intro : DREAMING,137,0
1060,TOMORROW X TOGETHER,Intro : FLOATING,0,0
1061,TOMORROW X TOGETHER,Ito,97,0
1062,TOMORROW X TOGETHER,LO$ER=LO♡ER (LOSER=LOVER),262,116
1063,TOMORROW X TOGETHER,Lonely Boy (네 번째 손가락 위 타투) (The tattoo on my ring finger),146,85
1064,TOMORROW X TOGETHER,널 보면 시간이 멈춰 어느 순간에도 (Love Sight),14,147
1065,TOMORROW X TOGETHER,널 보면 시간이 멈춰 어느 순간에도 (Love Sight) (Instrumental),0,0
1066,TOMORROW X TOGETHER,Magic,490,0
1067,TOMORROW X TOGETHER,Magic Island,72,153
1068,TOMORROW X TOGETHER,거울 속의 미로 (Maze in the Mirror),110,216
1069,TOMORROW X TOGETHER,교환일기 (두밧두 와리와리) (MOA Diary Dubaddu Wari Wari),207,165
1070,TOMORROW X TOGETHER,MOA Diary (Dubaddu Wari Wari) [Japanese Ver.],245,0
1071,TOMORROW X TOGETHER,별의 낮잠 (Nap of a Star),25,130
1072,TOMORROW X TOGETHER,New Rules,184,155
1073,TOMORROW X TOGETHER,No Rules,172,123
1074,TOMORROW X TOGETHER,Opening Sequence,209,105
1075,TOMORROW X TOGETHER,Our Summer,40,134
1076,TOMORROW X TOGETHER,Our Summer (Acoustic Mix),30,128
1077,TOMORROW X TOGETHER,Outro : FALLING,64,0
1078,TOMORROW X TOGETHER,Outro : STILL,4,0
1079,TOMORROW X TOGETHER,Poppin’ Star,57,154
1080,TOMORROW X TOGETHER,동물원을 빠져나온 퓨마 (Puma),175,208
1081,TOMORROW X TOGETHER,간지러워 (Roller Coaster),85,138
1082,TOMORROW X TOGETHER,Sriracha,542,0
1083,TOMORROW X TOGETHER,Sugar Rush Ride,224,125
1084,TOMORROW X TOGETHER,Sugar Rush Ride (Japanese Ver.),245,0
1085,TOMORROW X TOGETHER,땀 (Sweat),78,195
1086,TOMORROW X TOGETHER,Sweet Dreams,101,111
1087,TOMORROW X TOGETHER,Thursday’s Child Has Far To Go,118,173
1088,TOMORROW X TOGETHER,Tinnitus (Wanna be a rock) (돌멩이가 되고 싶어),132,122
1089,TOMORROW X TOGETHER,TOMORROW X TOGETHER - 땀 (Sweat) - Romanized,272,0
1090,TOMORROW X TOGETHER,Trust Fund Baby,128,87
1091,TOMORROW X TOGETHER,하굣길 (Way Home),83,227
1092,TOMORROW X TOGETHER,날씨를 잃어버렸어 (We Lost The Summer),216,180
1093,TOMORROW X TOGETHER,밸런스 게임 (What if I had been that PUMA),165,257
1094,TOMORROW X TOGETHER,Wishlist,231,92
1095,TOMORROW X TOGETHER,Your Light,89,159
1096,TOMORROW X TOGETHER,Your Light (Instrumental),0,0
1097,TOMORROW X TOGETHER,Your Light (Japanese Version),90,0
1098,TOMORROW X TOGETHER,君じゃない誰かの愛し方 (Ring),31,0
1099,TOMORROW X TOGETHER,君じゃない誰かの愛し方 (Ring) (Unplugged Ver.),31,0
1100,TOMORROW X TOGETHER,ひとりの夜 (Hitori no Yoru),14,0
1101,TOMORROW X TOGETHER,ある日、頭からツノが生えた (CROWN) [Japanese Ver.],151,12
1102,TOMORROW X TOGETHER,永遠に光れ (Everlasting Shine),64,0
1103,TOMORROW X TOGETHER,紫陽花のような恋 (Hydrangea Love),4,0
